"0","##Libraries"
"0","library(tidyverse)"
"2","[30mâ”€â”€ [1mAttaching packages[22m â”€â”€â”€â”€â”€â”€â”€â”€â”€â”€â”€â”€â”€â”€â”€â”€â”€â”€â”€â”€â”€â”€â”€â”€â”€â”€â”€â”€â”€â”€â”€â”€â”€â”€â”€â”€â”€â”€â”€â”€â”€â”€â”€â”€â”€â”€â”€ tidyverse 1.2.1 â”€â”€[39m
"
"2","[30m[32mâœ”[30m [34mggplot2[30m 3.0.0     [32mâœ”[30m [34mpurrr  [30m 0.2.5
[32mâœ”[30m [34mtibble [30m 1.4.2     [32mâœ”[30m [34mdplyr  [30m 0.7.5
[32mâœ”[30m [34mtidyr  [30m 0.8.1     [32mâœ”[30m [34mstringr[30m 1.3.1
[32mâœ”[30m [34mreadr  [30m 1.1.1     [32mâœ”[30m [34mforcats[30m 0.3.0[39m
"
"2","[30mâ”€â”€ [1mConflicts[22m â”€â”€â”€â”€â”€â”€â”€â”€â”€â”€â”€â”€â”€â”€â”€â”€â”€â”€â”€â”€â”€â”€â”€â”€â”€â”€â”€â”€â”€â”€â”€â”€â”€â”€â”€â”€â”€â”€â”€â”€â”€â”€â”€â”€â”€â”€â”€â”€â”€â”€ tidyverse_conflicts() â”€â”€
[31mâœ–[30m [34mdplyr[30m::[32mfilter()[30m masks [34mstats[30m::filter()
[31mâœ–[30m [34mdplyr[30m::[32mlag()[30m    masks [34mstats[30m::lag()[39m
"
"0","##Parameters"
"0","#files"
"0","demo_file <- ""~/Desktop/ELS/income_TBM/data/120616_ELS_T1S1_Demographics Golden Standard.sav"""
"0","#in SPSS file, first cleaned variable ""pplinhome_1_TEXT"" and converted to numeric "
